tool_display	tool	fraction	fraction_float	max_distance	AllocCPUS	CPU_Time_Hours	Peak_Memory_Gb	is_long_retry	replaced_failed_job
blastn	blastn	0.0005	0.0005	perc_id=84%	38	6.602222222222222	0.6065673828125	false	false
blastn	blastn	0.001	0.001	perc_id=84%	38	9.02	0.6315422058105469	false	false
blastn	blastn	0.005	0.005	perc_id=84%	38	44.79055555555556	0.6804008483886719	false	false
blastn	blastn	0.01	0.01	perc_id=84%	38	94.7238888888889	0.6959114074707031	false	false
blastn	blastn	0.05	0.05	perc_id=84%	38	556.6355555555556	1.309326171875	false	false
blastn	blastn	0.1	0.1	perc_id=84%	38	1135.9816666666666	2.8206253051757812	false	false
bowtie1	bowtie1	0.0005	0.0005	3	38	0.041666666666666664	0.17908477783203125	false	false
bowtie1	bowtie1	0.001	0.001	3	38	0.0425	0.5047492980957031	false	false
bowtie1	bowtie1	0.005	0.005	3	38	0.09194444444444444	0.8279571533203125	false	false
bowtie1	bowtie1	0.01	0.01	3	38	0.10611111111111111	1.2249336242675781	false	false
bowtie1	bowtie1	0.05	0.05	3	38	4.071111111111111	4.152011871337891	false	false
bowtie1	bowtie1	0.1	0.1	3	38	10.273333333333333	8.023822784423828	false	false
bowtie1	bowtie1	1	1.0	3	38	117.29	146.3696632385254	false	false
bowtie2	bowtie2	0.0005	0.0005	N/A	38	0.05611111111111111	1.0504341125488281	false	false
bowtie2	bowtie2	0.001	0.001	N/A	38	0.0625	0.7788581848144531	false	false
bowtie2	bowtie2	0.005	0.005	N/A	38	0.16	1.0963478088378906	false	false
bowtie2	bowtie2	0.01	0.01	N/A	38	2.8833333333333333	1.8389434814453125	false	false
bowtie2	bowtie2	0.05	0.05	N/A	38	13.633333333333333	6.27984619140625	false	false
bowtie2	bowtie2	0.1	0.1	N/A	38	30.73777777777778	11.623619079589844	false	false
bowtie2	bowtie2	1	1.0	N/A	38	994.8672222222223	151.4826431274414	false	false
indelfree_bruteforce	indelfree_bruteforce	0.0005	0.0005	N/A	38	197.76666666666668	22.03622055053711	false	false
indelfree_bruteforce	indelfree_bruteforce	0.001	0.001	N/A	38	371.13166666666666	27.816650390625	false	false
indelfree_indexed	indelfree_indexed	0.0005	0.0005	N/A	38	2.723888888888889	20.30762481689453	false	false
indelfree_indexed	indelfree_indexed	0.001	0.001	N/A	38	4.056111111111111	27.876842498779297	false	false
indelfree_indexed	indelfree_indexed	0.005	0.005	N/A	38	20.726111111111113	28.41602325439453	false	false
indelfree_indexed	indelfree_indexed	0.01	0.01	N/A	38	44.38055555555555	31.405658721923828	false	false
indelfree_indexed	indelfree_indexed	0.05	0.05	N/A	38	185.8361111111111	35.8313102722168	false	false
indelfree_indexed	indelfree_indexed	0.1	0.1	N/A	38	418.19555555555553	40.75720977783203	false	false
minimap2	minimap2	0.0005	0.0005	N/A	38	0.029166666666666667	0.761932373046875	false	false
minimap2	minimap2	0.001	0.001	N/A	38	0.043333333333333335	0.7609748840332031	false	false
minimap2	minimap2	0.005	0.005	N/A	38	0.14666666666666667	1.122314453125	false	false
minimap2	minimap2	0.01	0.01	N/A	38	2.607222222222222	1.6501884460449219	false	false
minimap2	minimap2	0.05	0.05	N/A	38	15.636111111111111	5.146064758300781	false	false
minimap2	minimap2	0.1	0.1	N/A	38	34.18666666666667	9.847667694091797	false	false
minimap2	minimap2	1	1.0	N/A	38	517.35	90.6913948059082	false	false
mmseqs2	mmseqs2	0.0005	0.0005	min-seq-id=85%	38	0.06666666666666667	9.994888305664062	false	false
mmseqs2	mmseqs2	0.001	0.001	min-seq-id=85%	38	0.06583333333333333	9.981986999511719	false	false
mmseqs2	mmseqs2	0.005	0.005	min-seq-id=85%	38	0.07194444444444445	10.333229064941406	false	false
mmseqs2	mmseqs2	0.01	0.01	min-seq-id=85%	38	0.07277777777777777	10.748485565185547	false	false
mmseqs2	mmseqs2	0.05	0.05	min-seq-id=85%	38	0.07166666666666667	15.302726745605469	false	false
mmseqs2	mmseqs2	0.1	0.1	min-seq-id=85%	38	0.13361111111111112	22.83514404296875	false	false
mmseqs2	mmseqs2	1	1.0	min-seq-id=85%	38	5.366666666666666	141.7624626159668	false	false
mummer4	mummer4	0.0005	0.0005	N/A	38	0.006666666666666667	0.38628387451171875	false	false
mummer4	mummer4	0.001	0.001	N/A	38	0.008333333333333333	0.12126541137695312	false	false
mummer4	mummer4	0.005	0.005	N/A	38	0.034444444444444444	0.2599945068359375	false	false
mummer4	mummer4	0.01	0.01	N/A	38	0.08166666666666667	0.278717041015625	false	false
mummer4	mummer4	0.05	0.05	N/A	38	0.25833333333333336	0.4282646179199219	false	false
mummer4	mummer4	0.1	0.1	N/A	38	4.644444444444445	2.3141326904296875	false	false
mummer4	mummer4	1	1.0	N/A	38	47.87555555555556	9.023921966552734	false	false
sassy	sassy	0.0005	0.0005	N/A	38	26.244444444444444	2.9534835815429688	false	false
sassy	sassy	0.001	0.001	N/A	38	37.25222222222222	3.1424636840820312	false	false
sassy	sassy	0.005	0.005	N/A	38	212.27833333333334	10.425003051757812	false	false
sassy	sassy	0.01	0.01	N/A	38	439.59777777777776	27.940441131591797	false	false
strobealign	strobealign	0.0005	0.0005	N/A	38	0.005277777777777778	0.6333770751953125	false	false
strobealign	strobealign	0.001	0.001	N/A	38	0.005	0.6698341369628906	false	false
strobealign	strobealign	0.005	0.005	N/A	38	0.009444444444444445	2.023406982421875	false	false
strobealign	strobealign	0.01	0.01	N/A	38	0.015	3.546672821044922	false	false
strobealign	strobealign	0.05	0.05	N/A	38	0.03333333333333333	11.724372863769531	false	false
strobealign	strobealign	0.1	0.1	N/A	38	0.08083333333333333	21.288227081298828	false	false
strobealign	strobealign	1	1.0	N/A	38	0.32083333333333336	116.66894912719727	false	false
x_mapper	x_mapper	0.0005	0.0005	N/A	38	0.025	6.043067932128906	false	false
x_mapper	x_mapper	0.001	0.001	N/A	38	0.029166666666666667	6.067150115966797	false	false
x_mapper	x_mapper	0.005	0.005	N/A	38	0.058611111111111114	4.178245544433594	false	false
x_mapper	x_mapper	0.01	0.01	N/A	38	0.065	7.346378326416016	false	false
x_mapper	x_mapper	0.05	0.05	N/A	38	0.42777777777777776	10.748245239257812	false	false
x_mapper	x_mapper	0.1	0.1	N/A	38	3.363888888888889	10.859634399414062	false	false
x_mapper	x_mapper	1	1.0	N/A	38	45.495555555555555	244.27741622924805	false	false
